,Title,Price,Discount,Released
0,ARK: Genesis Season Pass,$34.99,,"Aug 8, 2019"
1,Wolcen: Lords of Mayhem,$39.99,,"Feb 13, 2020"
2,Mega Man Zero/ZX Legacy Collection,$29.99,,"Feb 25, 2020"
3,Disco Elysium,$39.99,31.99,"Oct 15, 2019"
4,Genesis Alpha One Deluxe Edition,$29.99,22.49,"Feb 25, 2020"
5,Noita,$17.99,13.49,"Sep 24, 2019"
6,Monster Hunter World: Iceborne,$39.99,,"Jan 9, 2020"
7,Dying Light Enhanced Edition 5th Anniversary,$59.99,19.79,
8,Stardew Valley,$14.99,,"Feb 26, 2016"
9,BioShock: The Collection,$59.99,14.99,"Sep 16, 2016"
10,Temtem,$34.99,,"Jan 21, 2020"
11,WORLD OF HORROR,$14.99,,"Feb 20, 2020"
12,The Elder Scrolls V: Skyrim Special Edition,$39.99,,"Oct 27, 2016"
13,Dungeon Defenders: Awakened,$39.99,,"Feb 21, 2020"
14,MONSTER HUNTER: WORLD,$29.99,,"Aug 9, 2018"
15,Divinity: Original Sin 2 - Definitive Edition,$44.99,,"Sep 14, 2017"
16,Black Desert Online - Kakao Cash,$10.00,,"Jan 24, 2018"
17,XCOM® 2 Collection,$132.95,25.08,
18,Conan Exiles,$39.99,19.99,"May 8, 2018"
19,Conan Exiles - Complete Edition,$99.99,59.99,
20,The Elder Scrolls Online - Greymoor,$39.99,,2 June 2020
21,The Witcher 3: Wild Hunt - Game of the Year Edition,$49.99,,"Aug 30, 2016"
22,Mutant Year Zero: Road to Eden,$34.99,17.49,"Dec 4, 2018"
23,Hades,$24.99,,"Dec 10, 2019"
24,Fallout 4: Game of the Year Edition,$59.99,,"Nov 10, 2015"
25,Monster Hunter World: Iceborne Master Edition,$59.98,,
26,The Walking Dead: Saints & Sinners,$39.99,,"Jan 23, 2020"
27,ARK: Survival Evolved,$49.99,,"Aug 29, 2017"
28,Grim Dawn Definitive Edition,$55.21,,
29,FINAL FANTASY XIV: Shadowbringers,$39.99,,"Jul 2, 2019"
30,Tabletop Simulator,$19.99,,"Jun 5, 2015"
31,The Elder Scrolls Online - Greymoor,$39.99,,2 June 2020
32,Cyberpunk 2077,$59.99,,"Sep 16, 2020"
33,Mutant Year Zero: Road to Eden - Deluxe Edition,$49.98,25.18,
34,Dying Light Ultimate Collection,$104.86,49.23,
35,Terraria,$9.99,,"May 16, 2011"
36,STAR WARS Jedi: Fallen Order™,$59.99,,"Nov 15, 2019"
37,New World,$39.99,,May 2020
38,Freeman: Guerrilla Warfare,$24.99,17.49,"Oct 4, 2019"
39,Kenshi,$29.99,,"Dec 6, 2018"
40,Monster Hunter World: Iceborne Digital Deluxe,$49.98,,
41,The Elder Scrolls® Online,$19.99,,"May 22, 2017"
42,DARK SOULS™: REMASTERED,$39.99,,"May 23, 2018"
43,DRAGON BALL Z: KAKAROT,$59.99,,"Jan 16, 2020"
44,NieR:Automata™,$39.99,,"Mar 17, 2017"
45,Stoneshard,$14.99,,"Feb 6, 2020"
46,Conan Exiles - Deluxe Edition,$69.99,34.99,
47,Kingdom Under Fire 2 - War God Edition,$99.99,49.99,"Nov 18, 2019"
48,Last Epoch,$34.99,,"Apr 30, 2019"
49,XCOM® 2,$59.99,14.99,"Feb 4, 2016"
50,Assassin's Creed® Odyssey,$59.99,,"Oct 5, 2018"
51,This Land Is My Land,$39.99,,"Nov 20, 2019"
52,Grim Dawn,$24.99,,"Feb 25, 2016"
53,DRAGON QUEST BUILDERS™ 2,$59.99,,"Dec 10, 2019"
54,Slay the Spire,$24.99,,"Jan 23, 2019"
55,Grim Dawn - Forgotten Gods Expansion,$15.99,,"Mar 27, 2019"
56,Maker Day 2020 All Tile-set,$564.91,,
57,The Elder Scrolls Online - Elsweyr,$29.99,,"May 21, 2019"
58,Kingdom Under Fire 2 - Hero Edition,$29.99,17.99,"Nov 18, 2019"
59,Wasteland Remastered,$14.99,,"Feb 25, 2020"
60,Blade and Sorcery,$19.99,,"Dec 11, 2018"
61,Remnant: From the Ashes,$39.99,,"Aug 19, 2019"
62,DRAGON BALL Z: KAKAROT,$59.99,,"Jan 16, 2020"
63,ARK: Survival Evolved Season Pass,$44.99,,"Sep 1, 2016"
64,Grim Dawn - Ashes of Malmouth Expansion,$17.99,,"Oct 11, 2017"
65,DARK SOULS™ III,$59.99,,"Apr 11, 2016"
66,ATLAS,$29.99,,"Dec 22, 2018"
67,GreedFall,$49.99,,"Sep 9, 2019"
68,Mutant Year Zero: Seed of Evil,$14.99,10.49,"Jul 30, 2019"
69,Conan Exiles - Year 2 DLC Bundle,$39.96,22.85,
70,Fallout 4,$29.99,,"Nov 10, 2015"
71,PAYDAY 2: Legacy Collection,$20.16,,
72,The Sims™ 3,$19.99,,"Jan 27, 2011"
73,ARK: Survival Evolved Explorer's Edition,$90.23,,
74,Monster Hunter World: Iceborne Master Edition Digital Deluxe,$69.97,,
75,"Warhammer 40,000: Inquisitor - Martyr Complete Collection",$79.99,,
76,Dying Light 5th Anniversary,$39.99,15.99,
77,CODE VEIN,$59.99,,"Sep 26, 2019"
78,Fallout New Vegas Ultimate,$19.99,,"Feb 6, 2012"
79,The Elder Scrolls Online - Greymoor,$39.99,,2 June 2020
80,Crusader Kings II: Royal Collection,$164.55,,
81,The Walking Dead: Saints & Sinners,$39.99,,"Jan 23, 2020"
82,"Portal Knights - Druids, Furfolk, and Relic Defense",$9.99,8.99,"Feb 20, 2020"
83,The Elder Scrolls V: Skyrim VR,$59.99,,"Apr 2, 2018"
84,Graveyard Keeper,$19.99,,"Aug 15, 2018"
85,The Elder Scrolls Online - Greymoor,$39.99,,2 June 2020
86,Lakeview Valley,$14.99,,"Oct 22, 2019"
87,Pathway,$15.99,9.59,"Apr 11, 2019"
88,Darksiders Genesis,$29.99,,"Dec 5, 2019"
89,Dawn of War Franchise Pack,$139.99,,
90,Fantasy Grounds Ultimate License,$145.14,,
91,State of Decay 2: Juggernaut Edition,$29.99,,"Mar 13, 2020"
92,Astrox Imperium,$14.99,7.49,"Mar 22, 2019"
93,Crusader Kings II: Dynasty Starter Pack,$38.65,,
94,Crusader Kings II: Imperial Collection,$263.29,,
95,Lakeview Bundle,$21.23,,
96,The Guild 3,$29.99,,"Sep 26, 2017"
97,DARK SOULS III Deluxe Edition,$84.98,,"Apr 11, 2016"
98,Conan Exiles - Riders of Hyboria Pack,$9.99,7.99,"Dec 5, 2019"
99,Starbound,$14.99,,"Jul 22, 2016"
