,Title,Price,Discount,Released
0,ARK: Genesis Season Pass,$34.99,,"Aug 8, 2019"
1,Wolcen: Lords of Mayhem,$39.99,,"Feb 13, 2020"
2,Disco Elysium,$39.99,31.99,"Oct 15, 2019"
3,Genesis Alpha One Deluxe Edition,$29.99,22.49,"Feb 25, 2020"
4,Noita,$17.99,13.49,"Sep 24, 2019"
5,Monster Hunter World: Iceborne,$39.99,,"Jan 9, 2020"
6,Red Dead Redemption 2,$59.99,,"Dec 5, 2019"
7,Grand Theft Auto V,$29.99,,"Apr 13, 2015"
8,Dying Light Enhanced Edition 5th Anniversary,$59.99,19.79,
9,Temtem,$34.99,,"Jan 21, 2020"
10,Destiny 2: Upgrade Edition,$49.99,,"Dec 10, 2019"
11,BioShock: The Collection,$59.99,14.99,"Sep 16, 2016"
12,Rust,$39.99,,"Feb 8, 2018"
13,The Elder Scrolls V: Skyrim Special Edition,$39.99,,"Oct 27, 2016"
14,Death and Taxes,$12.99,9.74,"Feb 20, 2020"
15,MONSTER HUNTER: WORLD,$29.99,,"Aug 9, 2018"
16,No Man's Sky,$59.99,,"Aug 12, 2016"
17,Divinity: Original Sin 2 - Definitive Edition,$44.99,,"Sep 14, 2017"
18,Subnautica: Below Zero,$19.99,,"Jan 30, 2019"
19,Black Desert Online - Kakao Cash,$10.00,,"Jan 24, 2018"
20,Conan Exiles - Complete Edition,$99.99,59.99,
21,The Forest,$19.99,,"Apr 30, 2018"
22,Mutant Year Zero: Road to Eden,$34.99,17.49,"Dec 4, 2018"
23,Half-Life: Alyx,$59.99,53.99,"Mar 23, 2020"
24,Conan Exiles,$39.99,19.99,"May 8, 2018"
25,Sekiro™: Shadows Die Twice,$59.99,,"Mar 21, 2019"
26,Metro Exodus,$39.99,,"Feb 14, 2020"
27,Subnautica,$24.99,,"Jan 23, 2018"
28,BONEWORKS,$29.99,,"Dec 10, 2019"
29,The Witcher 3: Wild Hunt - Game of the Year Edition,$49.99,,"Aug 30, 2016"
30,Tank Mechanic Simulator,$19.99,17.99,"Feb 20, 2020"
31,Monster Hunter World: Iceborne Master Edition,$59.98,,
32,Metro Exodus - Gold Edition,$64.98,,
33,7 Days to Die,$24.99,,"Dec 13, 2013"
34,Fallout 4: Game of the Year Edition,$59.99,,"Nov 10, 2015"
35,ARK: Survival Evolved,$49.99,,"Aug 29, 2017"
36,Grim Dawn Definitive Edition,$55.21,,
37,Mutant Year Zero: Road to Eden - Deluxe Edition,$49.98,25.18,
38,Destiny 2: Shadowkeep,$34.99,,"Oct 1, 2019"
39,The Walking Dead: Saints & Sinners,$39.99,,"Jan 23, 2020"
40,Raft,$19.99,,"May 23, 2018"
41,Monster Hunter World: Iceborne Digital Deluxe,$49.98,,
42,Terraria,$9.99,,"May 16, 2011"
43,Dying Light Ultimate Collection,$104.86,49.23,
44,The Isle,$19.99,,"Dec 1, 2015"
45,STAR WARS Jedi: Fallen Order™,$59.99,,"Nov 15, 2019"
46,Black Mesa,$19.99,,"May 5, 2015"
47,Deep Ocean Bundle,$44.98,,
48,Kenshi,$29.99,,"Dec 6, 2018"
49,The Elder Scrolls® Online,$19.99,,"May 22, 2017"
50,DARK SOULS™: REMASTERED,$39.99,,"May 23, 2018"
51,Kingdom Under Fire 2 - War God Edition,$99.99,49.99,"Nov 18, 2019"
52,Skul: The Hero Slayer,$17.99,14.39,"Feb 18, 2020"
53,New World,$39.99,,May 2020
54,Stoneshard,$14.99,,"Feb 6, 2020"
55,Grand Theft Auto V: Premium Online Edition,$35.18,,
56,DRAGON BALL Z: KAKAROT,$59.99,,"Jan 16, 2020"
57,Last Epoch,$34.99,,"Apr 30, 2019"
58,Conan Exiles - Deluxe Edition,$69.99,34.99,
59,Assassin's Creed® Odyssey,$59.99,,"Oct 5, 2018"
60,ASTRONEER,$29.99,,"Feb 5, 2019"
61,DayZ Livonia Edition,$53.08,,
62,Totally Accurate Battle Simulator,$14.99,,"Apr 1, 2019"
63,Grim Dawn - Forgotten Gods Expansion,$15.99,,"Mar 27, 2019"
64,The Elder Scrolls Online - Elsweyr,$29.99,,"May 21, 2019"
65,Grim Dawn,$24.99,,"Feb 25, 2016"
66,DayZ Livonia,$13.99,,"Dec 3, 2019"
67,DARK SOULS™ III,$59.99,,"Apr 11, 2016"
68,Remnant: From the Ashes,$39.99,,"Aug 19, 2019"
69,DRAGON BALL Z: KAKAROT,$59.99,,"Jan 16, 2020"
70,Destiny 2: Forsaken,$24.99,,"Oct 1, 2019"
71,ARK: Survival Evolved Season Pass,$44.99,,"Sep 1, 2016"
72,Grim Dawn - Ashes of Malmouth Expansion,$17.99,,"Oct 11, 2017"
73,DRAGON QUEST BUILDERS™ 2,$59.99,,"Dec 10, 2019"
74,Not For Broadcast,$14.99,,"Jan 30, 2020"
75,Ori and the Will of the Wisps,$29.99,,"March 11, 2020"
76,Blade and Sorcery,$19.99,,"Dec 11, 2018"
77,Fallout 4,$29.99,,"Nov 10, 2015"
78,Call of Duty®: Black Ops III,$59.99,,"Nov 5, 2015"
79,Kingdom Under Fire 2 - Hero Edition,$29.99,17.99,"Nov 18, 2019"
80,ATLAS,$29.99,,"Dec 22, 2018"
81,Ken Follett's The Pillars of the Earth,$29.99,,"Aug 15, 2017"
82,American Truck Simulator West Coast Bundle,$34.26,,
83,Conan Exiles - Year 2 DLC Bundle,$39.96,22.85,
84,Steep™,$29.99,7.49,"Dec 2, 2016"
85,The Walking Dead: Saints & Sinners,$39.99,,"Jan 23, 2020"
86,GTA V: Megalodon Shark Cash Card,$99.99,,
87,The Sims™ 3,$19.99,,"Jan 27, 2011"
88,Call of Duty - Black Ops II Bundle,$99.99,,
89,ARK: Survival Evolved Explorer's Edition,$90.23,,
90,Dying Light 5th Anniversary,$39.99,15.99,
91,GreedFall,$49.99,,"Sep 9, 2019"
92,Shadow of the Tomb Raider: Definitive Edition,$59.36,,
93,Monster Hunter World: Iceborne Master Edition Digital Deluxe,$69.97,,
94,Metro Franchise Bundle,$99.71,,
95,SPORE™,$19.99,,"Dec 19, 2008"
96,"Warhammer 40,000: Inquisitor - Martyr Complete Collection",$79.99,,
97,Stranded Deep,$14.99,,"Jan 23, 2015"
98,Grand Theft Auto V - Criminal Enterprise Starter Pack,$9.99,,"Dec 14, 2017"
99,"Portal Knights - Druids, Furfolk, and Relic Defense",$9.99,8.99,"Feb 20, 2020"
